employee_id,salary,years_at_company,performance_score,leave_days
1001,77450,6,4.102978008952271,4
1002,67926,3,4.070926622405485,12
1003,79715,8,3.103850803897947,8
1004,92845,3,3.3004505730895373,7
1005,66487,2,3.041536227335035,6
1006,66487,3,3.663312108782567,7
1007,93688,6,4.366024645684041,3
1008,81511,2,3.851440899297561,8
1009,62957,8,4.017862321291516,6
1010,78138,1,3.909864165845506,7
1011,63048,7,3.499940425720453,9
1012,63014,2,4.041670218955658,6
1013,73629,10,3.8725152814564,12
1014,41300,6,4.219722857576568,6
1015,44126,2,3.270225529419122,3
1016,61565,2,2.630944180227307,7
1017,54807,10,4.022625507436539,3
1018,74713,8,3.674884760303029,11
1019,56379,2,3.351976949839382,8
1020,48815,7,3.379923593846254,6
1021,91984,3,4.777343162951058,6
1022,66613,8,3.1789026737328645,6
1023,71012,7,3.073348346586833,7
1024,48628,8,3.5426421167466757,7
1025,61834,7,4.09024543898648,7
1026,71663,6,4.639200993264614,7
1027,52735,7,3.8286824816947855,7
1028,75635,5,2.864795628010285,4
1029,60990,7,4.4854321353588995,6
1030,65624,1,3.4902656504614513,5
1031,60974,1,3.081145284052515,6
1032,97784,9,2.960303771450323,7
1033,69797,5,3.918164359667728,5
1034,54134,5,3.6194146930932067,9
1035,82338,3,3.672537688472925,5
1036,51687,5,4.143251559535965,4
1037,73132,3,3.098922704245178,10
1038,40604,9,4.183077314136824,5
1039,50077,9,3.240421338603155,6
1040,72952,6,4.582003686956178,7
1041,81076,1,3.79936950799657,8
1042,72570,7,3.0398807351118116,6
1043,68265,7,2.48729095833976,1
1044,65483,10,3.9044623611395055,5
1045,47822,10,3.3129098620049082,9
1046,59202,4,3.422217152739082,5
1047,63090,8,3.883098004587054,10
1048,85856,6,4.005206913125328,6
1049,75154,4,4.111855170334645,9
1050,43554,4,2.9125793458085316,8
1051,74861,2,4.212947374812295,6
1052,64223,2,3.2104773319159254,9
1053,59846,4,2.3718750326258866,5
1054,79175,5,2.910779826569977,7
1055,85464,8,3.6090125460662823,3
1056,83969,6,3.0105928769594303,4
1057,57411,4,3.455977765411978,10
1058,65361,7,3.6691262437645893,8
1059,74968,8,3.409307298445357,7
1060,84633,2,3.2528228310716414,8
1061,62812,7,2.874651968505887,10
1062,67215,2,3.510971904107666,10
1063,53404,2,2.467521306207632,8
1064,52056,8,3.1570009791402893,9
1065,82187,2,3.0361079454696194,10
1066,90343,9,3.3803115742455425,7
1067,68919,1,3.3933351003453653,7
1068,85052,9,3.9799783372168727,10
1069,75424,1,4.2917386386248,7
1070,60323,10,2.941110579881515,7
1071,75420,10,4.496416312635015,6
1072,93070,2,3.110352200239284,10
1073,69462,6,3.5862633914615447,4
1074,93469,6,3.7554314945741587,1
1075,30703,1,4.722291376291253,5
1076,82328,7,3.228858831118668,6
1077,71305,8,2.601630993510973,5
1078,65514,2,4.24518973509649,8
1079,71376,8,3.0833132206022826,5
1080,40186,9,3.3192057097122034,6
1081,66704,6,2.9411251730369123,7
1082,75356,5,3.3206481134755403,4
1083,92168,9,3.0798042318972794,7
1084,62225,9,3.8382209082473855,8
1085,57872,1,3.5403958148609895,6
1086,62473,3,3.1594724196926607,9
1087,83731,9,3.9979359883294636,11
1088,74931,2,3.6274983753372996,8
1089,62053,4,2.5769758747779723,5
1090,77699,4,3.959851657042151,6
1091,71456,2,3.592433941926317,5
1092,84529,3,4.195366243795771,6
1093,59469,3,3.561958713171322,6
1094,65085,1,3.1041453247162023,9
1095,64118,6,3.3978523333490815,4
1096,48047,8,3.9019596654403603,6
1097,74441,3,3.1146314701495688,6
1098,73915,5,1.0,6
1099,70076,1,3.3891557100004666,7
1100,66481,10,2.9253141948920636,9
1101,48769,7,3.121838287685713,10
1102,63690,10,3.5862750959020953,6
1103,64859,1,4.101238873826504,8
1104,57965,9,3.6585734923552375,8
1105,67580,8,3.477069370315489,6
1106,76060,7,3.0843646130238445,9
1107,98292,10,4.047580205860116,6
1108,72618,7,3.716752749973421,9
1109,73863,5,3.14663511824038,5
1110,68883,5,3.94932422934245,5
1111,41218,5,3.7797885307552335,5
1112,69602,1,3.093234825316882,11
1113,70903,8,3.4493108718678998,7
1114,106948,1,3.2536136358785317,5
1115,67114,4,4.8167689700158025,2
1116,74523,9,3.7658724415628293,5
1117,69479,9,3.5933810274241202,6
1118,52469,5,3.736331528038357,7
1119,87142,4,4.189581294098749,8
1120,81278,3,3.458309927780767,6
1121,81865,3,3.2050453510671217,8
1122,56359,5,3.9221416140487086,12
1123,91041,10,3.412527716999344,3
1124,48972,1,2.9650523354597484,7
1125,78802,5,2.8676567841219707,4
1126,102856,0,4.264648275419766,10
1127,55141,7,3.5658222834596423,11
1128,61505,9,3.2052163080037994,6
1129,71494,3,3.382832544478968,7
1130,62447,2,3.903722359004176,12
1131,46740,3,3.3532972420789773,2
1132,71028,9,2.775290135411291,6
1133,54065,7,3.6629204260739625,8
1134,77103,9,4.104173908786781,8
1135,56208,2,4.070732158986125,0
1136,93249,5,3.2203350309313774,6
1137,58251,4,4.13458632822919,7
1138,65169,2,3.6064749868358112,6
1139,82202,9,4.120573671939363,7
1140,51537,9,3.786843515001277,8
1141,73411,6,2.739201578683665,3
1142,89607,6,4.3733694687541735,7
1143,45887,8,3.5258919255994767,7
1144,72769,6,3.7883969119569088,3
1145,73898,1,2.827977685764078,4
1146,81727,4,3.7526632500390327,4
1147,51445,7,4.05146386637133,4
1148,50193,2,4.4676601682992025,3
1149,77829,9,4.200199897397641,12
1150,74454,8,3.77711235197302,4
1151,73757,8,2.727811323325807,9
1152,75196,7,3.566136395248711,6
1153,59799,4,3.203745217393535,8
1154,73483,2,3.6174889374081234,3
1155,74396,3,2.8918370836024505,6
1156,59284,6,3.3949165461040494,9
1157,97986,5,3.2414084580969655,6
1158,77107,8,3.225916822015377,7
1159,52130,6,3.230881907004423,9
1160,79848,6,3.4320726418058776,8
1161,55379,1,3.643097379524011,1
1162,81806,4,2.2507532060642745,6
1163,87378,5,2.311783571831068,9
1164,57689,3,3.3306543300390623,6
1165,84450,9,3.401115477647193,7
1166,76191,1,3.5945556083019703,5
1167,82330,6,3.1361638225718877,7
1168,98451,6,3.504732597011341,4
1169,66319,10,3.5632616025090273,7
1170,58693,5,3.132720951567264,8
1171,56657,5,4.00672791087055,10
1172,57762,10,3.58849315572753,7
1173,68843,5,3.773480547731645,7
1174,75117,6,3.5344228656419263,12
1175,74150,8,4.55183655153086,8
1176,20000,2,3.7981985345588267,5
1177,70195,6,3.2560033418963874,6
1178,91803,1,3.9104834421842005,4
1179,66030,4,2.681197541271664,8
1180,110802,0,3.559800131333552,5
1181,79385,3,3.6595801450459953,9
1182,57142,9,3.565510381039349,6
1183,53936,3,3.3331105645805565,8
1184,77237,6,2.9938633215814923,9
1185,66648,1,3.105326493974519,5
1186,80710,6,3.551037458123692,10
1187,77098,4,2.9432403837860037,6
1188,68907,8,4.385083807823636,9
1189,57298,9,2.179551160328147,9
1190,47277,4,3.3382810662276983,8
1191,63302,10,3.5551948195538485,7
1192,82845,10,3.7537104639166445,6
1193,73211,6,3.0420376363687867,8
1194,51313,1,4.067147396944106,1
1195,72597,4,2.8030844780935387,4
1196,75779,7,3.216935705696216,8
1197,56742,1,3.810373777639712,5
1198,72305,8,4.020094282396376,6
1199,70873,10,2.7979993518094513,4
1200,52855,6,4.822518395207579,8
1201,75366,5,3.0512542184163953,5
1202,78411,10,2.8439087612361087,7
1203,86245,9,3.7513574458866286,6
1204,85807,2,3.3258532732092716,9
1205,49334,5,3.251973843730128,8
1206,55932,6,3.79782202878486,3
1207,77725,7,2.736352154786095,6
1208,77706,5,2.648932800012649,6
1209,77725,9,3.2012883174283857,7
1210,127790,1,4.038950869726663,5
1211,78563,7,3.222972353293608,8
1212,87033,10,4.299578342264307,3
1213,84310,7,4.100507380585945,5
1214,79770,4,3.6414730922537424,9
1215,65270,9,3.6698619296873787,7
1216,81384,5,3.6410013125084277,12
1217,58407,4,3.57985886434105,7
1218,66447,7,3.31687915126091,6
1219,62719,4,3.3749060833964184,6
1220,71228,3,2.9650199217037088,6
1221,104719,9,2.3949786053549103,7
1222,41991,8,4.052035304641025,8
1223,80293,1,3.578629218392649,13
1224,45809,7,1.0,2
1225,62921,9,3.69922456142894,7
1226,86334,8,3.0858012726031756,6
1227,70964,8,2.9994688933077835,2
1228,53833,6,3.358157653160924,5
1229,59270,4,4.184049240881906,6
1230,80193,8,2.9156294857534366,6
1231,59044,3,2.186467321595917,8
1232,73246,9,3.2392994540906237,11
1233,70683,2,4.071349958117591,4
1234,60225,2,2.633727987822823,6
1235,20000,7,2.909858198088564,3
1236,79508,10,3.631773370289084,8
1237,39622,4,4.784953517737668,8
1238,72796,10,2.8208941657369024,6
1239,60073,8,2.8015329542660203,8
1240,82786,9,3.6693491844195925,9
1241,58112,7,4.102337219996852,8
1242,68278,5,3.1879506438371448,10
1243,77574,8,2.6893029219389155,6
1244,82986,4,3.716874610443173,7
1245,51995,2,3.8074206986514865,11
1246,64982,6,4.389327563269124,5
1247,62875,9,3.8284735561621392,6
1248,60200,1,3.9140330381861896,6
1249,96481,10,3.3689274280660473,10
1250,76074,7,4.720752171084734,9
1251,51086,10,3.300928994705765,4
1252,83767,9,3.194038939294115,5
1253,101832,10,4.4047574592593035,7
1254,85486,9,2.762881360552295,10
1255,47209,10,2.5762958077360425,6
1256,62736,3,3.5597784622992426,7
1257,89003,5,3.499131738362152,6
1258,59384,8,3.386056009224669,7
1259,76657,8,3.996964878560826,5
1260,81619,4,3.0458969088557146,3
1261,56096,1,3.5320835628123373,5
1262,69107,1,3.3199470236809066,3
1263,21380,4,3.0543907499466245,10
1264,54634,6,3.4690799580196585,8
1265,66211,8,3.926297901647551,12
1266,51283,6,4.560284060215251,5
1267,94486,9,3.7897094914494844,5
1268,300000,9,2.2445824992992742,6
1269,63399,2,3.4809299572791756,3
1270,71961,10,3.5249013954514163,7
1271,91619,1,3.968104504789975,4
1272,48462,2,3.5924051512448694,6
1273,87447,5,4.126544458651038,7
1274,70153,4,3.695835307807636,8
1275,55277,4,4.279399034748945,5
1276,76931,9,3.2806270399758533,6
1277,72985,8,3.572171733648347,8
1278,60996,6,3.913320767694948,7
1279,71047,1,3.213902964853278,5
1280,64220,2,3.104993598959462,6
1281,71702,6,3.1853239501566577,7
1282,79931,2,3.1253921914555387,6
1283,93790,10,3.761280960437664,7
1284,51432,5,2.582595985182722,4
1285,101995,5,2.7220149868410464,7
1286,40718,6,4.431373246178631,7
1287,67723,6,3.137451639512911,5
1288,78824,6,3.6000074255858743,7
1289,74214,2,2.7554267910504358,6
1290,60659,10,3.547062133894638,5
1291,66878,3,3.140496666159298,13
1292,62604,6,2.718455250919793,7
1293,61159,8,4.168460218782356,7
1294,82744,1,4.091282863530436,5
1295,75355,1,3.446322604642992,11
1296,59606,2,3.9997095163389558,3
1297,83493,6,4.45164634386358,10
1298,74609,9,3.877037966579045,6
1299,82192,4,3.7398398697549817,6
1300,79444,3,3.5994748482416545,6
1301,57565,8,3.82474868242962,9
1302,61597,10,3.3180403032551817,9
1303,81209,9,3.3616820654192767,7
1304,79155,5,3.7254456876062574,3
1305,69686,9,3.2630675649202354,6
1306,71759,2,3.3171001636032487,8
1307,89164,3,3.5000933323174865,7
1308,61126,7,4.075303775296534,5
1309,78206,7,2.9336681232201762,8
1310,66967,6,3.8795892513526304,9
1311,66734,6,3.895898206401735,3
1312,86481,2,3.8929060046484043,11
1313,82381,10,3.0966268098952554,7
1314,82202,6,2.6536591922445316,7
1315,89582,4,3.779850236205711,8
1316,70315,3,3.593769392206981,14
1317,80229,2,4.002188317381566,12
1318,65345,1,3.1497315859952306,10
1319,74862,5,3.8800591881281807,7
1320,68047,2,4.027206056109706,9
1321,71454,2,3.452345139475325,8
1322,78927,7,3.708464751632408,4
1323,57726,8,3.6909832287620477,3
1324,101385,10,3.089265235485175,5
1325,54909,8,3.765548301142304,7
1326,51787,4,4.311249170450507,11
1327,87371,1,3.511101967271318,6
1328,81874,7,2.7695375306741714,7
1329,79361,1,3.1563867345429952,10
1330,79425,4,2.6102852755741863,3
1331,69816,8,4.145130564523033,10
1332,56541,2,3.8820526481640476,4
1333,71137,6,3.249315364166091,6
1334,59842,6,2.790970039015532,6
1335,84626,9,3.083352520878755,7
1336,67794,5,3.1808615171514263,3
1337,57617,10,3.5547037995100292,9
1338,65179,4,3.53787967159919,11
1339,76193,5,4.170715987686851,7
1340,61544,10,3.153622571150979,7
1341,57666,5,2.745906072823036,9
1342,73655,8,2.921510762428854,10
1343,73674,10,3.4884875727767497,11
1344,62395,8,3.1356609665271047,6
1345,62934,2,3.353995727243487,11
1346,73480,7,3.272983209840278,4
1347,48278,8,3.9951192268525912,5
1348,48888,6,3.206517156453839,11
1349,59223,5,3.311328961526095,3
1350,66798,9,3.8586417905793877,5
1351,74663,3,3.217509044483962,5
1352,92130,10,3.711606187228509,6
1353,82864,4,3.6657426310108794,12
1354,67600,9,3.5708829294805398,8
1355,69714,6,2.9328018086467553,0
1356,54962,8,4.114887112260968,5
1357,69722,7,4.610341898291557,6
1358,65670,2,3.5044140691336976,7
1359,74840,3,2.9768225633148124,9
1360,57591,1,3.5145513541625113,10
1361,77790,9,3.9949300702929995,5
1362,92991,7,3.1924061621421966,4
1363,68368,1,3.435550407940905,7
1364,76025,3,3.6703270682060705,8
1365,80352,4,4.101523926102963,6
1366,63981,4,3.887711866544687,8
1367,73361,5,3.908433984766131,8
1368,70188,3,3.2868657216617874,6
1369,71465,3,3.7009594775869616,5
1370,58404,1,3.1390183364374353,6
1371,70367,7,3.922763049942606,7
1372,77469,10,4.075609820392807,9
1373,91767,1,3.7766817843863114,3
1374,84389,2,3.316294706602592,5
1375,102297,4,3.398136435979201,6
1376,58489,4,4.4032581053310045,7
1377,83084,5,3.3246447776882517,3
1378,72750,2,4.024997083725284,7
1379,102847,4,3.669445799109261,10
1380,57875,1,3.3329317757700787,6
1381,57404,2,2.8276754862652873,5
1382,61009,1,3.6058001902942536,4
1383,38141,10,3.545550433303061,4
1384,62113,10,4.403267335729667,7
1385,58613,4,3.069903652288751,6
1386,72255,4,4.647384295773892,5
1387,75126,7,3.6894052647482964,6
1388,98142,10,3.688914610611079,6
1389,84256,9,3.203463932783885,4
1390,61346,9,3.657353153777234,10
1391,56523,5,3.7365254641166064,10
1392,77378,10,3.9686636459104383,1
1393,50196,1,3.0108388962040284,6
1394,97471,1,4.2033904278940195,7
1395,87691,6,3.68070776188599,7
1396,62962,2,3.804114447653656,7
1397,44302,8,3.3895288692476195,3
1398,90308,9,3.035928680860475,7
1399,68281,4,3.536362313701644,5
1400,88567,5,3.5936477749116094,9
1401,46083,8,2.8072858659427546,9
1402,61009,3,3.8966427025825627,10
1403,70078,5,3.9982623169482903,3
1404,70704,3,3.1351676880894366,4
1405,63249,10,2.988707324863954,11
1406,79342,3,3.3485193115628493,10
1407,53985,3,3.5119475484931497,11
1408,67864,7,3.3679144950423328,4
1409,71804,7,3.4695410836146086,11
1410,77716,7,3.610738848837958,8
1411,80674,10,2.8158655306371854,8
1412,53130,8,2.8733521863483675,6
1413,46988,5,2.1388611295384274,3
1414,89165,5,3.971272614226736,7
1415,74984,4,3.5076135103087247,9
1416,58772,7,4.023925565732578,5
1417,93267,10,2.931131002094304,6
1418,71735,4,3.5122036697665813,4
1419,87689,2,3.6074132530583007,5
1420,71012,4,3.2191087525849924,7
1421,100911,8,2.723286100766604,6
1422,96330,9,4.372935668067578,7
1423,66265,3,4.1996416706350255,3
1424,84573,7,3.3090338641373176,7
1425,79680,9,3.7551138225848035,8
1426,90529,4,3.2576046618215533,7
1427,55526,10,3.002298198487626,9
1428,80290,3,4.413630752478507,7
1429,85876,5,2.672315559297099,10
1430,43618,1,3.3572481515144426,6
1431,52251,3,3.542161913621117,8
1432,39411,8,4.325618289343643,2
1433,65958,8,3.9482943271180093,4
1434,80763,4,2.6638751127163407,6
1435,92535,2,3.4986248794829087,10
1436,71111,8,3.51053009918218,5
1437,94429,8,3.385830832350279,12
1438,49298,10,3.8099045537651506,3
1439,44449,4,2.7954465361220113,12
1440,69166,3,3.2956820437316647,6
1441,75760,2,3.7394093741065375,7
1442,69509,9,3.8397878425803205,11
1443,38988,1,3.5747097367545986,5
1444,68663,7,3.3558038998498505,4
1445,50432,5,3.4400293631867638,4
1446,80045,8,3.8702035611886187,10
1447,75498,4,3.51695039206273,3
1448,55901,7,2.9790762272797355,4
1449,62291,5,2.8832512080275485,11
1450,54111,5,2.7551812892819454,5
1451,69059,9,4.227790409244677,8
1452,84327,9,3.9037309178062225,6
1453,55214,9,3.4467560584097265,8
1454,77560,6,3.273103757417958,8
1455,62046,6,3.2130349960163214,8
1456,58106,5,4.046618553791105,5
1457,68394,9,4.45221675408737,4
1458,54471,10,3.1973035380362305,10
1459,61695,8,4.0692077603278545,5
1460,52031,7,3.5140064576794448,11
1461,99470,7,3.3937855350447665,7
1462,70528,6,4.252107141414962,5
1463,59504,5,3.4949171396286114,9
1464,73209,4,3.648182219627318,7
1465,68315,3,3.624136966455723,10
1466,66685,3,2.6872003166702743,4
1467,79212,6,3.644205574358031,3
1468,81362,4,3.2186539877798834,8
1469,62042,6,2.789423429927189,10
1470,61362,3,3.241431459775619,7
1471,65874,4,3.237305565181527,4
1472,35471,9,4.014941269565165,7
1473,47272,5,2.9681051919489843,7
1474,90503,7,3.1050762804753727,11
1475,94674,10,3.6176941302740064,8
1476,66264,2,2.8371031143228764,1
1477,78648,5,3.170496620883833,10
1478,74668,9,2.667761632333389,9
1479,116183,3,3.960005730002698,11
1480,86793,9,3.349318439779907,4
1481,68081,6,3.492041077498879,8
1482,55666,4,3.9580051598955452,7
1483,45903,7,3.1388655581730567,9
1484,73051,8,3.344006495675998,7
1485,58654,6,2.971836000347129,16
1486,48666,5,2.970748139502094,4
1487,60301,6,3.0397085529970607,10
1488,53776,5,3.2537548045831675,5
1489,95307,8,3.3076022329134673,6
1490,83224,1,3.64431607544919,5
1491,69880,7,3.0543915259790504,2
1492,92199,10,3.659816337958738,5
1493,71160,10,3.742500645761614,2
1494,57080,2,3.266088908583867,7
1495,92846,9,3.0976377137908093,12
1496,78083,1,3.542539515989995,5
1497,54441,10,3.3985412684947773,7
1498,67144,6,3.610175914636773,10
1499,56865,9,4.284933218129984,7
1500,49258,1,3.5343185242138575,6
1501,83892,4,3.180384719359934,9
1502,98641,4,3.054555194028971,12
1503,49021,9,3.0738991843392083,11
1504,78444,5,2.7686168464444396,7
1505,60240,5,3.9663718041727893,11
1506,62693,6,2.383360590322118,9
1507,61114,1,3.7440524088596527,10
1508,57040,1,3.065968046662385,13
1509,70727,9,3.243797392687941,7
1510,57535,3,3.0510061792278056,4
1511,74056,4,4.222932329821015,5
1512,69246,1,3.508157800842888,5
1513,66415,9,3.895189262521426,8
1514,56386,8,4.150263429298003,9
1515,61348,2,3.581702737011202,6
1516,81330,8,2.902188114572394,10
1517,77513,7,3.389678624942114,2
1518,55336,6,3.128875993216899,8
1519,71489,1,3.2482479190563507,9
1520,81270,7,3.4526881036753556,5
1521,44958,35,3.4329221789538678,6
1522,78150,7,3.706054580510143,8
1523,60060,9,3.778652146890243,7
1524,78558,1,3.432927411866771,7
1525,58551,2,3.7017344590539585,9
1526,42926,9,3.2253200725322793,3
1527,45586,9,4.157389912798251,6
1528,70721,6,3.217244355891177,5
1529,73895,6,4.098593242311214,9
1530,56435,4,2.7619664541141393,8
1531,79578,4,3.309796371294577,6
1532,45077,5,3.3345109131931974,5
1533,69008,3,3.639495897374237,12
1534,51834,1,3.930908401609412,7
1535,60222,1,2.875302398470236,7
1536,70710,7,2.946008478978546,5
1537,57093,1,2.799045966141881,6
1538,64231,1,4.1600920985992085,5
1539,85094,3,3.648802471398561,6
1540,61346,10,2.9578143957714387,6
1541,82535,4,3.2784525630219647,7
1542,53054,4,4.090880697830747,5
1543,77947,2,3.360940384844381,5
1544,91623,1,3.3314059311044137,6
1545,32925,3,3.109351646588471,10
1546,58046,4,2.9875038430906184,3
1547,78656,3,4.091661905221578,4
1548,66954,8,4.33695079437103,6
1549,75567,10,3.0074027986063263,9
1550,60940,1,4.20247116460906,7
1551,71298,2,3.2563052918549475,10
1552,67664,7,3.7668239976844435,6
1553,87516,4,4.205106902407204,10
1554,73816,8,3.427461702148184,6
1555,75064,3,3.3360290398663204,16
1556,63821,6,3.900540481894093,7
1557,62685,9,2.9450235814818755,1
1558,63511,1,4.073530688920215,14
1559,75916,1,3.5714046962212915,3
1560,63685,8,3.2111247459229117,10
1561,74346,3,3.1979161983420727,4
1562,101131,5,2.808268744085817,6
1563,83066,1,3.231913916688005,7
1564,65109,5,3.3679811190027995,10
1565,88018,6,2.969353234144259,12
1566,63878,8,3.477267511935498,6
1567,39428,3,3.736458542262748,11
1568,54878,3,3.3932639320002904,10
1569,41938,10,3.831362913259633,8
1570,64727,9,3.096430008510332,7
1571,70276,4,4.00169138210997,8
1572,95146,4,3.560907352887429,6
1573,74903,7,4.2726285848773715,10
1574,66713,2,4.707108656119367,11
1575,82441,8,3.2648782038483595,6
1576,36832,6,3.285468061549271,9
1577,73534,3,3.3768789390256413,6
1578,81562,9,3.7978511250877576,8
1579,47821,5,4.162984985237545,9
1580,87156,8,3.1735957579150984,8
1581,75077,7,3.6906221332390365,10
1582,63770,8,3.4320363550721162,5
1583,79491,7,3.809054551270294,9
1584,104060,3,4.254728846703845,3
1585,72727,2,3.3798358812834928,8
1586,73723,7,2.665066166663135,10
1587,63109,3,3.8719508384401466,2
1588,57252,3,3.0836473906972737,5
1589,82455,2,5.0,3
1590,57158,4,3.8935154184358067,7
1591,71073,8,3.648697426765554,7
1592,62835,1,3.4491399872234774,5
1593,77184,1,3.2120591437708397,7
1594,75004,5,2.0500531098625006,9
1595,85563,5,3.849160407878101,3
1596,62349,1,3.373524150387118,7
1597,65951,6,4.2566681391778625,11
1598,55318,1,3.6990140149809347,9
1599,63335,5,3.2294373137325785,7
1600,75659,9,4.03343504418802,3
1601,81354,5,4.075564702979095,9
1602,56167,6,3.390484092823761,7
1603,83044,8,4.096822432786614,4
1604,90334,1,3.2223459723069765,9
1605,76201,2,3.5798238847039516,3
1606,98151,9,3.7857041938593903,12
1607,58393,3,3.8923907920070944,6
1608,51330,6,3.810760924307945,4
1609,43319,5,3.3336714097184137,7
1610,92440,2,4.046848820345721,4
1611,79815,7,3.4377863384467906,6
1612,69166,4,3.2154863188624034,9
1613,74199,1,3.2228310163433345,10
1614,53117,4,4.469994195738168,10
1615,106686,6,3.129008285954028,6
1616,71938,7,4.145817613380223,6
1617,71640,7,2.932266652094915,4
1618,80886,7,3.743952722537093,9
1619,77215,3,3.6485417257454174,9
1620,73358,6,4.310613439863114,12
1621,58142,8,3.1727990524157423,6
1622,77072,4,3.0346678910198066,5
1623,98230,8,3.441744810826509,8
1624,90181,2,4.3324009146202265,10
1625,93897,10,3.057920760028116,7
1626,62331,9,2.2057916838979,7
1627,55155,9,3.5298839186866413,5
1628,68113,8,3.9747614589805043,5
1629,70835,10,2.9930970336800686,2
1630,86412,10,3.923966086676632,5
1631,44613,1,2.9820445074937716,14
1632,92943,2,3.4267207321541604,3
1633,67629,6,3.8763411576430284,9
1634,63596,10,2.9062672991307807,10
1635,54818,5,3.5907566657537773,4
1636,45177,9,4.107486755646119,5
1637,82347,5,3.7369670496056755,5
1638,71099,2,3.139686971204616,9
1639,50650,10,4.259359176358397,5
1640,50573,4,3.829196255961245,8
1641,64963,9,2.5697760000378467,6
1642,95035,1,3.932121807367113,7
1643,66106,1,3.2143128737913615,5
1644,47452,7,3.598281773821232,9
1645,66313,3,4.004002002146629,3
1646,65909,10,3.225197707667583,3
1647,300000,2,2.677203692979093,10
1648,69185,9,4.252772595952914,5
1649,66535,3,4.082291735600974,1
1650,80443,2,3.4563719934085273,2
1651,97734,8,3.9267107257460574,7
1652,86898,10,3.3153066339681576,10
1653,65966,6,3.5484850883804246,7
1654,53402,6,3.42785602868163,7
1655,108600,10,3.3355279573213488,4
1656,70888,7,3.6796512900428775,6
1657,70208,7,2.895910588177206,9
1658,69638,6,3.3742095846172107,8
1659,72971,4,3.6572397362417024,4
1660,67834,9,4.419050353980818,11
1661,61395,6,2.9162328923436522,9
1662,61797,4,3.7602765288662137,3
1663,69508,3,3.815074388213931,12
1664,61848,4,2.5616406346586316,0
1665,59307,3,3.7052660072046257,6
1666,71596,2,3.9401425394918905,4
1667,66175,5,3.7943263396912172,4
1668,92559,2,3.4580363725636625,8
1669,30235,6,3.6666200182612143,12
1670,86372,3,3.584922348624515,4
1671,88691,6,2.6552713308424027,5
1672,38899,10,3.596660162377233,6
1673,64859,9,3.316464797009164,8
1674,64428,1,3.1475889145010085,11
1675,48887,6,4.742484976793327,6
1676,58332,9,4.126307859809779,5
1677,53341,4,2.924913969842806,6
1678,96284,2,3.6733180982829197,5
1679,84035,4,4.229012637782162,5
1680,89073,1,2.751900422961999,5
1681,80825,3,3.538491570703577,8
1682,53064,10,3.5620363628597467,9
1683,62132,9,2.8627535587504886,6
1684,77340,10,3.689775152306115,10
1685,51668,5,4.058123195259062,8
1686,80694,6,4.254023795709577,9
1687,66395,3,3.375317949187027,11
1688,64377,5,4.750822517567556,8
1689,80664,8,2.4710166233016224,5
1690,76663,6,3.678108354907231,6
1691,64585,4,2.7938528400350724,5
1692,87389,2,3.5450913187484496,11
1693,53784,9,3.2390466249474854,7
1694,79239,1,3.7534387281952806,13
1695,78896,1,3.436559642948903,4
1696,65356,4,3.087007910986742,9
1697,74891,7,3.11985452621801,2
1698,51233,1,4.466229748724777,5
1699,83860,9,3.7217618692312073,3
1700,67226,4,2.648935646730806,6
1701,62159,3,3.775393867558382,9
1702,85735,1,3.4026616688210014,4
1703,59434,10,3.5023005435485697,8
1704,48873,4,3.9099440769908984,8
1705,46650,9,4.091613586856423,6
1706,79090,10,3.0705936360396553,4
1707,50793,6,3.485129172922308,10
1708,96321,6,3.226944498630715,5
1709,38771,1,3.7984310905371315,5
1710,95446,0,3.3838477531319153,8
1711,73165,2,3.5146257398509375,4
1712,68549,6,3.364861619494918,9
1713,61826,2,3.446940242215334,9
1714,75987,3,4.352325502964067,7
1715,69435,4,4.695383082383862,9
1716,86549,5,3.688546046871238,4
1717,71713,9,3.4500151100915484,8
1718,72254,4,2.7021816195551587,10
1719,64545,9,3.1197909000943134,7
1720,69145,10,3.436631982107047,4
1721,74617,3,3.142468389681287,7
1722,44347,8,3.1950496185640387,8
1723,49777,1,4.287694737028083,8
1724,81148,9,3.514395406869241,7
1725,72562,9,3.5591059957009685,6
1726,67240,10,3.1629047198308866,6
1727,70276,2,4.088772362384793,7
1728,75213,4,3.393710686005716,10
1729,61903,8,3.2395681674245718,11
1730,58325,7,2.709624591345279,4
1731,72937,1,3.469449043124317,8
1732,55324,5,3.223970999111299,7
1733,76123,7,4.34228987300845,9
1734,44461,4,4.421949346000975,7
1735,85437,1,2.8823597526168627,3
1736,77088,9,2.9389233810595012,8
1737,73840,5,3.3618401824367763,5
1738,84740,2,3.091981052302864,7
1739,94982,8,3.6087082878433567,8
1740,85215,2,3.3366882554572164,5
1741,42386,3,3.6402661702776293,4
1742,50806,10,4.0080467608234835,5
1743,60627,1,2.9678892448322465,7
1744,70391,2,3.9976056112386993,10
1745,77764,7,3.1356737928399117,9
1746,59113,10,4.574241424574388,2
1747,72801,2,4.310487983124694,1
1748,58669,6,3.4434598320568823,4
1749,60827,3,3.0182082777349795,6
1750,48900,4,2.9225670101627084,7
1751,56151,8,3.936814251037265,10
1752,49724,3,3.484798616734751,8
1753,55361,10,3.963433442875979,5
1754,85804,6,4.60211448464782,4
1755,55759,1,3.1148085306419384,12
1756,109485,7,2.884930878120956,3
1757,77399,8,3.596280117266313,9
1758,72772,8,4.072379805726149,6
1759,57124,3,3.0297698551071215,5
1760,80504,10,3.517312369379623,10
1761,61365,1,4.185021830585495,3
1762,71830,9,2.6835610807548136,11
1763,108401,6,3.6176589807195496,7
1764,68559,9,3.2299484532006075,3
1765,87239,7,3.5620782954856516,10
1766,59452,1,3.854892145291844,3
1767,69475,1,3.6104042539440457,9
1768,96562,6,2.9948887989440722,12
1769,60595,5,3.2493769308832605,8
1770,97186,9,4.213296490162233,5
1771,80616,2,3.664466446962049,4
1772,61562,8,3.9201595637924243,7
1773,79486,5,3.625147655091521,8
1774,84588,2,3.90455803412096,9
1775,79327,10,3.3019269550313393,6
1776,46446,6,3.116244176616282,3
1777,59092,10,3.8818488579240236,7
1778,66287,8,4.0636870052227785,10
1779,68883,4,3.042859344601679,9
1780,79310,2,3.212027594288136,6
1781,72665,5,3.4183867858845467,10
1782,49969,2,4.309912302491324,7
1783,75702,2,3.7815677275841297,4
1784,79158,6,2.8379565850670567,7
1785,78396,10,3.453508604205249,5
1786,86211,9,3.377060622124783,5
1787,82508,4,2.913365221998035,8
1788,76887,6,3.447604041552636,7
1789,68947,7,3.3549812801968137,8
1790,45085,6,3.3191837381914207,11
1791,76444,8,3.2963093163090944,8
1792,73115,4,4.235696774174402,4
1793,74073,1,3.3181484419497425,8
1794,50848,7,3.5248355281501325,6
1795,53784,3,3.4706176438616354,14
1796,85797,6,3.247491574816332,6
1797,69406,2,3.539752366183849,11
1798,80222,0,3.532675298048882,3
1799,70424,1,3.539878263449608,4
1800,70446,6,3.0703834289517893,7
1801,84074,6,3.3969377463736796,6
1802,62259,5,3.880160937674929,3
1803,71441,5,3.4100916843099798,11
1804,63065,1,3.580890956300629,3
1805,63482,10,3.5835185003631778,50
1806,65362,5,3.7086975653669585,4
1807,73332,2,3.7793254575069053,6
1808,62818,7,3.4129246951253895,4
1809,88836,3,3.0443323484539517,9
1810,56580,4,2.8906423356625623,10
1811,67196,3,4.008843206368179,3
1812,63404,3,3.885125223985533,4
1813,91704,4,3.8246823421687632,11
1814,72948,5,3.9056017639313367,9
1815,85477,1,3.419222008187056,5
1816,47716,4,3.1875617911172247,12
1817,74005,8,3.009796295100981,9
1818,83344,10,2.9553250017072505,7
1819,71234,7,4.106079344275166,6
1820,85982,9,3.2534275721229258,9
1821,62240,5,4.027429534605443,8
1822,91140,10,3.4065570848096747,4
1823,104483,4,3.161879395878788,4
1824,64557,8,2.952817601224928,7
1825,63317,9,3.2059228215061246,5
1826,91800,7,4.209119391453145,7
1827,93693,7,2.9578949601100937,1
1828,62157,5,4.558373410739826,3
1829,63697,4,3.079696286265178,6
1830,65773,10,3.874974985325623,5
1831,49833,1,3.427374352872506,9
1832,56220,10,3.339720208736907,3
1833,54937,10,2.864289611437432,12
1834,58483,7,3.450803508624381,2
1835,69479,1,2.920857001816998,10
1836,73513,1,2.65921145011628,4
1837,93257,5,3.5597993391087246,11
1838,55024,9,3.182288446582122,4
1839,84764,6,4.3421742580624905,8
1840,66790,3,4.000010857546411,9
1841,69258,3,4.348716090668385,4
1842,80122,7,3.159558547746051,5
1843,53159,6,3.5680688700656438,7
1844,75736,9,2.1896645201594733,9
1845,72496,6,3.359098809656638,9
1846,77386,5,3.5492491740123406,1
1847,74337,10,3.577024038850886,6
1848,106829,7,3.4788157947291634,11
1849,60433,1,3.533296285875834,8
1850,62035,7,2.143378682918294,6
1851,60652,3,3.628110918040989,9
1852,61667,9,3.7417199459650194,6
1853,60439,6,4.169012701314426,8
1854,87835,9,3.6843690296384652,6
1855,91307,5,3.434631466643381,9
1856,61438,7,4.052470961115485,8
1857,57514,4,2.321332887700261,6
1858,77071,7,3.2425257346864282,4
1859,61716,1,3.1170950099706443,5
1860,79493,7,3.4827391000843444,4
1861,73043,8,2.4006535938854174,7
1862,47263,5,4.15981783112186,4
1863,93212,2,3.375095050157877,13
1864,96938,5,3.6593983455794667,13
1865,60808,6,3.611545612529947,10
1866,64184,2,4.131244947438475,3
1867,74287,6,2.5690249325629764,9
1868,75016,6,5.0,5
1869,79878,1,4.073089130352431,5
1870,100153,1,3.4510067766396544,9
1871,67345,10,3.024365303430849,7
1872,58025,3,3.198054942172107,4
1873,49310,10,3.3035289990967978,10
1874,59036,10,3.1394749852385053,6
1875,69503,3,3.4235944414663204,9
1876,96918,4,4.254123701592501,9
1877,62235,2,3.2013176172312585,8
1878,73356,9,3.2561630128605006,6
1879,69753,10,3.7298902920251567,6
1880,87825,7,3.412589818018062,5
1881,107903,7,2.8354074333275587,9
1882,62036,6,3.4694057811104893,5
1883,62658,3,3.4505542838015373,2
1884,85662,6,3.9878391727190765,7
1885,80228,8,3.0139238008986693,5
1886,97700,8,3.9911597413777216,7
1887,78758,9,3.451084593950028,5
1888,64610,1,2.946029164542502,6
1889,78859,1,2.8456108439615355,5
1890,86630,3,4.467194263954265,11
1891,82307,3,3.42004198858228,8
1892,77609,10,3.968252058365244,6
1893,86000,8,2.6459403026959354,10
1894,87539,10,4.818847443981951,2
1895,90732,1,3.946622314183564,12
1896,79730,2,3.3722798929223954,6
1897,67493,2,3.346917071072245,5
1898,72200,3,3.867299064151498,10
1899,88097,6,3.8385908433625233,4
1900,57745,1,3.591264640198719,6
1901,75530,2,3.5054393791011154,8
1902,64099,1,3.780533542012958,9
1903,70431,5,2.6291482234599113,8
1904,89176,7,3.3143626436928737,5
1905,72866,8,2.676568070853577,4
1906,70696,10,3.8022961723512525,6
1907,49602,1,3.1620930144833403,12
1908,81193,7,2.7142109606604112,5
1909,79682,5,3.1031067379905153,13
1910,102448,10,3.5746781007328927,7
1911,65383,1,3.397385808722095,3
1912,73287,3,2.9134217204836133,6
1913,73740,7,2.647565699134692,6
1914,93661,10,3.536966393515251,3
1915,68570,1,3.2096159466247696,10
1916,74185,7,3.3709596450679746,6
1917,79118,5,3.42015740625585,6
1918,72799,1,3.715032843587659,10
1919,63303,1,3.9234732508849564,8
1920,72911,1,3.5732546004792214,7
1921,86104,9,3.339768725120178,5
1922,54602,3,3.5123817690479013,8
1923,71994,5,3.3303815163701893,7
1924,59498,10,2.6787233231834393,12
1925,87925,9,4.045973085644787,4
1926,47152,6,3.9517194312439017,3
1927,61616,9,4.494166996790298,8
1928,75658,8,4.640249653238804,4
1929,93482,8,2.91198993387362,12
1930,69013,1,3.332300039810586,6
1931,61672,9,4.755769798435072,13
1932,98217,6,3.4797246922088827,2
1933,48279,9,3.622105451273376,5
1934,37017,3,2.7394350241527103,3
1935,76600,3,3.575144315788387,9
1936,62469,6,4.465970187379544,11
1937,54681,9,4.143312905051764,4
1938,80625,7,3.1950076892407284,7
1939,73657,3,3.301841816715792,2
1940,61538,3,2.9345498537528685,8
1941,50795,2,3.074418429875147,3
1942,83086,9,2.544894035606765,4
1943,79753,3,3.4575901626701286,4
1944,68512,5,4.255055339965205,15
1945,97699,9,3.6777159620468747,6
1946,53948,8,4.183119494982866,8
1947,47117,2,4.036624700462999,4
1948,59621,3,3.226595955213686,14
1949,69316,2,3.1202466692967756,8
1950,73650,8,3.139407721574272,6
1951,66381,6,2.6414690257789757,9
1952,75280,6,3.5161651163977874,5
1953,51226,9,2.0477678017114567,7
1954,91656,8,3.795707754643193,6
1955,68767,4,3.5359404678594375,8
1956,86759,4,3.7357199332474202,3
1957,75140,9,4.0285081414740675,7
1958,76851,1,3.5993972941694268,8
1959,78546,2,4.315785868827378,9
1960,76715,2,3.8109729054761052,4
1961,79640,6,3.121436576591975,13
1962,89937,4,3.3811444789270606,5
1963,72947,10,2.369354486624932,6
1964,80635,3,3.048904779763917,4
1965,68653,3,3.3095017970333047,1
1966,91601,3,3.773136804778833,9
1967,59854,6,3.1248194857290947,6
1968,97014,8,2.8768679930327847,11
1969,69397,7,2.556234048495937,8
1970,48538,4,3.201791240703341,6
1971,71921,4,4.475425901183964,10
1972,59784,10,3.6355535174485163,5
1973,82609,2,3.9697897061775893,5
1974,60210,1,3.0499728836678752,5
1975,63307,9,2.7132751199488907,5
1976,41656,2,2.889461267955966,7
1977,63215,8,3.451434445421181,3
1978,33641,9,2.502935578260372,8
1979,46241,4,2.9967047917951146,5
1980,81406,8,3.206819657014353,8
1981,81787,9,2.8395373469683496,4
1982,76381,10,2.4381584913375853,6
1983,55495,10,3.644826849104879,19
1984,69284,5,3.5229357224422824,5
1985,69945,7,3.8895149338150645,6
1986,52624,10,2.9447871253737787,6
1987,92550,4,3.8799613715237355,3
1988,83160,1,4.2646520972434425,3
1989,66685,3,3.631107366118427,7
1990,70403,5,3.19503185277667,10
1991,73125,3,3.572540324754622,7
1992,39373,7,3.1711063053522115,9
1993,66292,9,3.0878582211606243,11
1994,59770,6,3.841630194751663,7
1995,54975,10,3.4304748401064007,6
1996,65783,1,4.102547826725014,9
1997,96965,7,3.278788505378215,2
1998,79612,3,3.3294127096649944,3
1999,61432,5,3.216744502384264,6
2000,78588,10,2.9399082806563976,8
2001,90990,4,3.9072124493082954,9
2002,83869,10,4.592855832307077,10
2003,70894,5,3.308886380716924,8
2004,60295,5,3.159752028162497,7
2005,80473,6,3.127338258146455,50
2006,75902,10,3.16013338619981,7
2007,83427,10,4.324891843120401,4
2008,79527,6,3.140759740120054,10
2009,85743,8,3.20736659955523,7
2010,61971,8,2.879822873924514,6
2011,89760,9,3.6468243869315353,12
2012,72963,8,3.466385218924507,8
2013,101128,2,2.93141061209872,11
2014,59662,10,3.0535852013409603,7
2015,96039,1,4.266466685267779,8
2016,72968,10,3.516353878134384,13
2017,60228,2,3.550842697723649,11
2018,62741,2,3.5528269125130305,7
2019,65194,3,4.197312694105588,4
2020,76362,10,2.977392818839645,5
2021,20000,7,3.3018022399117726,10
2022,61394,2,3.4155173966687444,6
2023,69634,1,2.639412087355138,7
2024,102134,6,3.041929241709328,5
2025,95913,9,4.023337413640469,0
2026,76544,3,3.880106748165059,11
2027,70570,6,3.9685334375510157,8
2028,71800,3,3.2054548887342995,6
2029,79202,1,3.267152379940582,7
2030,54658,5,2.6059672524809834,6
2031,66139,10,3.9659672711581546,9
2032,44971,4,4.048326134383048,9
2033,75988,7,4.041960483267804,7
2034,79707,6,4.30204562673862,9
2035,62752,10,3.711054296744953,9
2036,93609,7,4.278440918273346,4
2037,51613,5,3.3997626954210607,1
2038,48034,4,2.616494817497225,7
2039,73366,7,3.930362338620059,9
2040,85706,7,2.598055436995652,9
2041,95258,6,3.585101024746683,12
2042,63116,8,3.977661901062128,5
2043,86180,4,3.6621293980175986,7
2044,69422,10,4.639121535291138,7
2045,67410,5,2.517035502926511,7
2046,83254,4,3.4585696637320424,4
2047,79784,1,3.508727732626328,2
2048,46354,8,2.827948591908793,5
2049,92148,1,2.923133604637857,3
2050,90701,5,3.0774356945867,9
2051,60616,6,2.950176352975369,9
2052,75937,6,3.446002674918066,9
2053,77410,5,3.19851754992392,5
2054,73910,3,3.6589541920478377,7
2055,61745,5,3.8247152331015313,11
2056,59925,8,3.7908894798594446,7
2057,69616,2,3.294936877407622,9
2058,87590,6,3.642237814732236,11
2059,78154,9,4.0175644580883665,6
2060,64440,8,3.722782290638745,5
2061,81575,8,4.42948884722171,8
2062,27271,8,3.991089493383344,6
2063,87231,7,4.35920353632423,6
2064,43904,8,2.2538284360349676,8
2065,64563,6,3.5483380605701162,7
2066,53204,2,3.3380337495238908,8
2067,50579,2,3.4375101348428925,3
2068,87412,8,3.0975202899479304,3
2069,62984,1,3.6980997001920897,6
2070,75197,6,2.5958217837912936,4
2071,69296,6,3.7017184314356455,6
2072,77155,4,3.11414438990973,7
2073,71152,10,3.2498069549397828,5
2074,50755,3,3.719250884782869,6
2075,84944,3,3.5393888639331665,6
2076,62593,1,4.026960455703227,7
2077,46651,3,3.0152482470770052,8
2078,63578,4,3.4596471738914363,5
2079,92511,5,3.9443865585055757,12
2080,82753,3,3.680599871875699,9
2081,64770,6,3.712797126731398,6
2082,64761,5,4.054021429191617,6
2083,65175,3,3.296878775565236,6
2084,101151,6,3.1915845614388645,3
2085,75729,6,3.787952218466168,7
2086,76450,8,3.4252842569944555,8
2087,85454,2,4.061101783848858,7
2088,73581,1,3.6848867185575283,7
2089,66114,4,3.188324659854869,6
2090,67054,7,3.669192013405571,5
2091,68925,10,3.0486501678887334,8
2092,69441,3,3.973464234178528,9
2093,80914,3,2.8014238467259243,7
2094,70779,5,4.111032637098092,10
2095,80989,5,3.6604382555922887,1
2096,68789,10,3.417719515188663,12
2097,71179,3,3.8816670754669382,14
2098,40026,9,3.7556633220811775,6
2099,83744,4,4.1651908428290305,7
2100,75197,3,4.160530869176734,3
2101,84970,2,3.676145222083143,9
2102,26556,10,3.0641146559792114,8
2103,101325,9,3.2292454997768796,5
2104,67906,4,3.464176557094176,3
2105,86622,3,4.040860847197547,4
2106,54401,7,3.2718067693312625,9
2107,79191,8,3.313529739784932,3
2108,54198,2,4.424175314633714,3
2109,60643,7,3.4478507443111366,6
2110,98710,5,3.182634054866697,5
2111,67139,5,3.8883230141970735,9
2112,73261,3,3.4719328585202076,10
2113,83051,5,2.805200418283217,9
2114,77435,2,4.020457041403687,8
2115,72256,4,3.126480339650363,11
2116,75474,6,3.521792799194788,4
2117,106051,1,3.4659304431063216,8
2118,69135,10,3.6150505867349314,8
2119,73016,4,2.404462963717668,12
2120,85759,6,3.3324502606003827,6
2121,86582,9,4.062418530057851,9
2122,87805,2,4.1327227599458265,8
2123,79580,7,3.0043548091798393,4
2124,52854,6,3.960299121355908,11
2125,94501,2,3.119285122787208,3
2126,52804,8,3.3127338703063582,4
2127,74539,7,3.339007816770374,7
2128,58685,5,3.554401854852704,8
2129,69037,5,4.000683228145431,7
2130,74931,7,3.6322922680145555,4
2131,74820,9,3.4369341198380776,10
2132,76328,9,3.983655616519108,5
2133,94205,9,3.098669304883143,11
2134,76803,6,3.461391278266025,4
2135,66337,10,3.9978906141887642,4
2136,84461,6,3.7646531058952863,7
2137,87842,3,3.2668480112775438,11
2138,51585,1,2.743521616699866,11
2139,78961,7,3.655429095397406,10
2140,80517,4,2.7106623990485055,4
2141,65536,1,3.3937493176544176,9
2142,90635,8,4.0894741996183335,4
2143,67749,6,3.798379323150925,6
2144,71883,6,2.4881730109939166,7
2145,67403,2,3.6002257521701586,11
2146,70233,1,3.340415042698703,5
2147,53555,2,2.863141299637275,6
2148,48399,4,3.667510647901051,8
2149,93917,2,3.2541310756046364,5
2150,57295,1,3.257232980680251,4
2151,55129,7,3.5620225592133603,6
2152,37699,8,3.1870577345492577,5
2153,60415,6,3.547867916933282,8
2154,50153,4,3.203337555185033,10
2155,94630,6,3.230769269688729,4
2156,85147,3,3.996464884647764,6
2157,59677,8,4.047335818190138,4
2158,103786,10,2.6456728764286876,6
2159,84726,2,3.8735364219232764,8
2160,65127,5,4.199295502313053,7
2161,32508,1,4.278688408701788,7
2162,104364,6,3.7601898629425596,6
2163,49156,2,2.9713010711280514,6
2164,45319,4,3.814990420173767,7
2165,85338,6,3.0653738223920417,5
2166,106596,10,3.328517416921673,4
2167,90764,8,3.6915410785224094,12
2168,78458,8,5.0,5
2169,78921,6,2.926799846641108,6
2170,82801,4,3.7328866592454117,4
2171,81383,8,4.433612102156157,9
2172,74217,8,4.121617165239732,5
2173,71563,10,3.8535930925250472,1
2174,69061,1,3.9895927177948667,4
2175,58690,4,3.818859748590958,6
2176,65789,4,3.7249501147046966,7
2177,44605,7,3.9493089197993236,4
2178,68524,7,2.815818453972989,4
2179,55171,8,3.5997426497214566,8
2180,53446,5,3.459525896878078,6
2181,72698,7,3.539451415572282,5
2182,90880,8,3.269313892626605,4
2183,83774,9,3.760243922387116,7
2184,46442,3,3.0910359951561963,8
2185,55155,3,3.233072535303983,6
2186,84111,4,3.1730600431739497,11
2187,55262,5,3.9319733186349346,12
2188,66630,10,3.4941382483954033,10
2189,78250,1,3.2695838301016185,5
2190,55474,7,3.31328515249191,5
2191,71580,9,3.5019403083402034,6
2192,49989,8,4.311087459434927,13
2193,60979,5,2.881739831826664,10
2194,74796,4,3.837754998839893,5
2195,46105,7,3.7359311690155037,13
2196,76607,5,3.058517300776612,50
2197,69705,7,4.233436645077344,4
2198,78287,1,3.7696402254403383,7
2199,73358,1,3.2461333483851216,8
2200,90462,10,2.57029333702687,14
2201,71878,3,3.6145734172495563,5
2202,63558,2,3.4776272076220085,3
2203,71834,2,2.98464353436694,10
2204,78149,7,2.9781927949321814,10
2205,70732,10,3.9342549335597523,7
2206,70608,2,2.5221525463395027,11
2207,59470,4,3.6571413775365182,5
2208,60056,2,3.4062815123445693,10
2209,48960,6,3.7485774141767196,12
2210,96243,8,3.3528474950698994,7
2211,51342,10,3.6466374826301573,10
2212,59606,4,3.1286125777356455,8
2213,59223,5,3.4753975419133156,10
2214,83423,4,3.744541939075371,5
2215,65575,3,3.575435935637735,5
2216,88716,5,3.690153421200772,8
2217,59897,9,3.0360393502741765,6
2218,74184,8,3.204662719057574,3
2219,57469,8,3.2133300803920273,5
2220,102177,8,3.3617551222066235,14
2221,52186,8,4.179291434808914,8
2222,74647,7,3.3229106222321496,4
2223,79506,8,2.92822027011725,6
2224,76206,8,3.770822843925296,10
2225,67220,8,4.173321715717241,5
2226,68052,10,2.8693940740738455,11
2227,70657,7,4.486405377359045,2
2228,67794,1,3.707588301161536,11
2229,84458,4,4.016945394534195,6
2230,103157,4,4.233535817521657,4
2231,61637,5,3.9863088213538713,8
2232,49452,10,3.444732201496159,5
2233,68675,6,4.108849072095707,6
2234,108695,4,3.62729988493546,5
2235,57944,2,4.04524236245382,6
2236,94586,6,4.099937741890342,3
2237,95165,8,2.954551705013616,6
2238,61696,8,3.897150565988503,11
2239,78534,7,3.4090540407433143,11
2240,94425,6,3.5690953183920073,10
2241,64313,2,3.563546374421399,8
2242,66946,7,3.543485108787679,9
2243,61274,5,4.261762656114519,7
2244,54778,6,2.8167761865529686,5
2245,60260,10,2.638828321565107,6
2246,51640,8,2.5333549641672133,5
2247,70511,8,4.034572131967957,7
2248,58450,3,3.11328125406617,4
2249,73506,7,3.566093234757443,4
2250,46661,1,3.4426414379377106,8
2251,74963,1,3.05681242968001,7
2252,82502,7,3.9257386187778494,9
2253,40093,10,3.4362685158913076,8
2254,75610,9,3.381132461480808,6
2255,88415,7,3.6164356538701257,8
2256,51855,10,3.8603860424191083,8
2257,95088,5,3.0205118782327762,1
2258,76285,8,3.9364591736666434,12
2259,59424,2,4.224926759886674,7
2260,69163,9,2.786938815619412,6
2261,78374,6,3.639149489563916,7
2262,71140,9,3.347538893821336,11
2263,78081,2,3.84961529036007,5
2264,56189,3,2.8916703937365744,5
2265,72540,8,4.314469112821788,9
2266,48794,1,2.6960525967854654,6
2267,68331,10,3.377859530111733,10
2268,56441,7,3.71714803799768,2
2269,58967,7,3.1568315765325874,5
2270,88541,1,3.0782992257714814,3
2271,86369,9,3.611117818315262,9
2272,79137,8,3.53887995999554,7
2273,53615,4,3.502969084707575,6
2274,65253,10,3.929344255732813,10
2275,88196,5,3.3027636532859894,4
2276,72125,2,3.6597963248975023,11
2277,104789,9,3.2466985958620924,6
2278,20000,6,3.075335257085296,5
2279,72880,3,3.357620685754991,8
2280,65363,7,3.250617406403184,10
2281,72003,9,3.2755980994186094,10
2282,67712,3,4.082663708901081,6
2283,80621,2,3.372948272982223,13
2284,84350,7,3.1685466638600674,6
2285,58210,7,3.5140393870239954,8
2286,50031,4,3.552113969564204,4
2287,42456,9,2.9065593852029643,13
2288,77619,8,3.3507968640380783,2
2289,53449,1,3.3306578379507012,6
2290,37706,1,3.4139278631457635,3
2291,75828,5,3.8627641865189926,6
2292,107394,6,3.5683359355814415,12
2293,69908,3,4.113968673692665,8
2294,82577,9,3.4941698220555923,7
2295,71227,10,4.388043640190032,6
2296,68516,6,3.2696124931341735,6
2297,83786,4,3.115218809417438,10
2298,65645,7,3.773651337388487,5
2299,74010,8,4.182040968732509,9
2300,74825,9,2.810598347707387,6
2301,59978,6,3.4015046758928422,7
2302,84880,6,3.1946090274570644,6
2303,67375,8,3.57142550649604,5
2304,58663,5,3.5050089617497022,6
2305,78047,3,4.17269062381386,6
2306,56522,3,3.4457976035626086,8
2307,70422,6,4.187392049485115,14
2308,69863,2,3.342449831990657,8
2309,86288,6,3.9632409375526083,4
2310,77120,6,3.6143315140683594,6
2311,69624,8,4.364942699341722,9
2312,82266,7,2.761492568592786,12
2313,90853,8,2.9180711411200875,6
2314,78367,9,4.4158111423291935,12
2315,70155,6,3.133367453256823,7
2316,50322,3,3.1650983209620693,7
2317,54023,10,3.0621382072500727,3
2318,65421,3,4.074222978266862,6
2319,60857,1,2.8732711933874375,11
2320,67195,5,3.5112252061388305,8
2321,70849,4,3.367189089109731,11
2322,77945,9,4.018257791752218,6
2323,68942,9,3.2181586688341777,12
2324,77297,5,3.707636289556637,5
2325,70967,10,2.9143919133113654,8
2326,40368,4,4.6369705193386,15
2327,55909,7,3.380203837673146,10
2328,67838,6,3.5043817424426837,12
2329,51854,4,4.327377179425271,1
2330,78998,10,3.2066636128473953,3
2331,92961,2,4.333691171469308,10
2332,88281,1,3.2942644129310197,5
2333,66798,4,3.83584909191063,6
2334,92360,4,3.2136591799203504,9
2335,72230,1,2.8219817774276326,7
2336,64943,6,3.707297175270308,6
2337,60798,4,3.8199517004917665,9
2338,65462,1,2.8420571288368808,6
2339,64177,1,1.0,6
2340,72556,1,4.100379480768454,5
2341,72408,8,3.8000594753983052,11
2342,70045,10,3.3023924991079747,9
2343,76554,8,3.2012371491827722,8
2344,87859,2,4.474122162567388,13
2345,84243,7,2.776533965098571,3
2346,47726,8,3.4704007127956986,2
2347,31691,8,1.0,11
2348,84014,10,4.157407322422141,2
2349,49496,7,3.4964381938958318,9
2350,66628,5,3.589087042384717,3
2351,52448,1,4.884446154813805,5
2352,42970,9,3.2032636621318034,9
2353,78121,7,4.374287957029267,7
2354,81387,2,3.3046340427959056,10
2355,61352,6,3.383243771207551,9
2356,31134,2,4.8190876283102995,13
2357,61806,1,3.4194548113691634,9
2358,75877,7,2.812814297852376,5
2359,47816,2,3.640959394063156,8
2360,72750,2,3.4136315874164977,4
2361,69770,5,3.68354792086693,6
2362,78689,5,3.433201103336115,9
2363,71793,7,4.6077723081023825,4
2364,55403,1,3.778367919417968,6
2365,87948,8,2.962517686137091,5
2366,67622,3,3.562273401011927,5
2367,69590,4,3.1001850879164805,7
2368,56000,9,3.376143078748523,9
2369,63350,4,3.0447796447165887,7
2370,56727,10,4.553559261603011,9
2371,67405,5,3.1543076924108893,8
2372,95675,7,3.8437821759970685,12
2373,49421,4,3.3382602890616866,14
2374,45796,1,2.920793413713605,11
2375,92067,9,3.5988246514497533,10
2376,66860,4,3.7003459185428533,12
2377,59963,9,3.779313266377257,4
2378,85598,6,2.1888904227295285,6
2379,60915,1,2.8825771431654545,7
2380,97390,3,3.9787773595109424,7
2381,80168,2,3.038196518695604,5
2382,62681,9,3.6014720251550556,8
2383,102359,1,2.8709876523856073,9
2384,60914,9,3.86580055107922,6
2385,81131,9,3.965634797997787,6
2386,74489,8,3.865954953086183,8
2387,89526,8,4.016278406176799,5
2388,93422,1,4.281950072449766,11
2389,70480,8,2.9129629341955128,7
2390,58698,10,3.1056640344243185,7
2391,76899,3,3.9487717851518975,7
2392,59834,7,4.065109885918741,8
2393,100200,1,3.162828523214037,5
2394,72048,1,3.128056967337208,7
2395,64520,10,3.173893255034747,8
2396,72770,5,2.697452517978027,7
2397,49793,5,2.8642944089129623,6
2398,55425,8,2.876353677484923,6
2399,88006,7,3.3529507630971835,6
2400,60146,8,3.635418257916977,8
2401,54296,6,3.716736415821186,7
2402,78049,6,3.2457188733621596,5
2403,87785,2,3.2580064418595605,4
2404,80784,6,3.561830747575631,5
2405,84940,5,2.7519927214252866,7
2406,58648,3,3.9797202660415447,9
2407,48672,6,4.1426926395071355,4
2408,92520,8,3.1872096811559802,8
2409,65159,9,3.3007819203256106,6
2410,66237,1,4.121656112422585,3
2411,89922,3,3.4384742045050505,5
2412,78343,3,3.794122722975815,6
2413,76838,8,3.453847303099613,10
2414,102475,1,4.278153694240137,7
2415,60347,5,3.745039814125748,3
2416,83917,3,3.773827885959596,7
2417,70855,2,3.7831532693667933,7
2418,74028,8,3.222443131836144,10
2419,20000,3,3.2683804315387324,5
2420,77617,7,3.8846228197799872,6
2421,78074,1,3.5632064147168085,3
2422,86087,6,2.9111944960941134,7
2423,64525,3,4.436552212312391,6
2424,57411,8,3.98903593364855,13
2425,54327,6,3.5188131619225094,8
2426,40504,2,3.3632495091000174,7
2427,100843,6,3.5993379287650415,4
2428,53451,7,3.7587600495787137,6
2429,66681,5,2.4834996321649765,6
2430,65847,3,4.556174854742877,8
2431,74611,4,3.10505784541654,5
2432,82236,4,3.4990471835056214,13
2433,82907,6,3.517433441389573,12
2434,61253,10,4.498425109344426,13
2435,67493,1,3.4559380794966525,12
2436,74238,4,4.294253647176815,3
2437,66269,10,3.703363734730557,9
2438,94110,4,3.0190575688970256,14
2439,77364,10,3.567353734051402,7
2440,81023,1,3.440745639142544,7
2441,79943,9,2.9579647575478853,4
2442,87602,4,3.6788613847361207,3
2443,72715,7,3.511051374924928,4
2444,50547,3,3.77821085272927,5
2445,75995,10,3.5966763897991574,3
2446,60229,3,3.174448551492965,14
2447,62070,8,3.8841669961451575,10
2448,78795,8,3.1878008598732106,6
2449,88574,1,1.9501647386083645,8
2450,70319,10,3.5643264739771086,11
2451,74632,2,3.2229631363830054,7
2452,95533,8,3.6910652521983174,4
2453,73611,1,4.499435867969857,3
2454,109025,8,4.513869846574029,7
2455,78482,8,3.4174385388890802,10
2456,43588,2,3.086742414376972,6
2457,81300,4,3.792341640958961,5
2458,75717,6,3.3148872040668227,11
2459,89346,9,3.6958882611734714,6
2460,80097,8,3.1695696188865727,4
2461,67923,8,3.625346208011376,5
2462,51635,7,3.0940129238532617,4
2463,66864,9,4.0921267080157335,5
2464,57242,2,3.2050111546236937,8
2465,61292,3,3.8305512678674845,8
2466,78828,10,2.8676163584072407,4
2467,95048,8,3.8905869283053454,8
2468,75920,6,3.0168079653658997,6
2469,52061,10,3.6305884034872546,9
2470,76669,9,4.011600486673993,7
2471,87949,10,3.4000085507216102,7
2472,60853,4,2.9854165446270335,6
2473,67989,8,3.7484062535679605,9
2474,70220,10,3.079509300506726,12
2475,58226,3,3.2978772004013854,5
2476,79724,3,3.632731329747864,6
2477,68185,8,4.1803380180538525,12
2478,76292,5,3.5132766768997343,6
2479,56687,3,3.511428754922562,7
2480,63438,10,3.8687564468114255,4
2481,80835,1,3.5251859483364982,5
2482,64407,3,3.817765099916449,14
2483,95904,9,4.039266773031473,7
2484,64005,5,3.336131424866,2
2485,73370,10,1.8624946830432723,5
2486,83988,2,3.0910364532072667,7
2487,48724,7,4.104341005417652,6
2488,43587,2,3.483117609301173,6
2489,47115,4,3.3304348645360506,7
2490,88938,7,4.083392496601604,10
2491,61722,4,3.4493375418850523,11
2492,108372,7,2.453733397125422,7
2493,61536,7,2.747348969495828,9
2494,72768,1,3.709324010408453,10
2495,93131,6,3.4665545292026367,8
2496,100091,9,4.227328239414611,5
2497,100922,2,3.1333656580979117,10
2498,88125,3,3.345249618998103,9
2499,85360,10,3.05774846346999,9
2500,78887,5,3.2397029111597737,7
2501,81675,9,2.554048049373188,7
2502,61732,4,3.3071576679747343,8
2503,57727,1,3.474065568115049,5
2504,69949,4,3.431834578767158,50
2505,67447,6,4.5747766318664045,11
2506,63201,5,4.416742288588491,9
2507,80445,1,3.124550264519457,11
2508,84329,4,2.4780316526737023,9
2509,71326,6,3.4503998235342217,13
2510,92162,10,3.68825506908531,11
2511,52874,10,3.0697579633085823,9
2512,67095,4,3.0945121830371387,6
2513,59247,9,4.291277484656266,10
2514,42001,5,3.371224214427348,8
2515,68759,8,3.831125092847869,5
2516,68173,9,3.0348471510727775,7
2517,92701,10,3.4715297706376034,2
2518,79462,5,3.331830823182744,12
2519,54637,6,3.162313380598356,4
2520,97811,1,4.077650205760847,5
2521,88315,7,2.805561495183493,5
2522,78731,4,3.6500284127556446,4
2523,66602,2,3.3224391722547506,12
2524,55608,5,3.7074122410179373,9
2525,64416,3,3.3292116838908212,15
2526,86331,6,3.93359653095947,7
2527,98268,8,3.0301487008739243,4
2528,93148,7,4.078776595837656,3
2529,62667,3,3.485598652662789,15
2530,53205,8,2.835748735492438,10
2531,72113,2,3.8401077279514118,7
2532,43473,10,3.4005751282411745,7
2533,74847,9,2.646081036930228,5
2534,67785,4,3.6662340418794352,4
2535,63009,1,4.00329785763885,6
2536,46079,8,4.141067870180065,9
2537,77704,7,3.310824058700117,8
2538,62009,5,3.572659027662869,5
2539,52451,10,3.5252681713964558,50
2540,26916,5,4.244901315785676,5
2541,69587,7,3.0947557088133415,6
2542,96583,5,5.0,7
2543,94918,8,3.082639845275097,6
2544,63143,6,2.7754247384435566,11
2545,60966,5,3.6238935905260408,6
2546,77031,9,4.300649165888794,4
2547,55024,2,3.4007577707424694,8
2548,74526,1,3.0590516892284327,8
2549,81491,8,3.593429851116034,2
2550,88403,3,3.7945590893863277,6
2551,68497,7,3.421818431281714,4
2552,66944,10,4.201767665977089,8
2553,56830,8,3.0938190528562393,2
2554,57596,6,3.3565151817438186,2
2555,66602,10,3.647993952421481,7
2556,75510,9,3.6964818763089133,2
2557,83703,7,3.5236140461490804,9
2558,57952,10,2.860790038821426,6
2559,92390,5,4.669005702103165,4
2560,65933,8,3.38201504247695,11
2561,69679,2,3.555133759292328,2
2562,58791,7,3.8083805465864904,4
2563,33636,4,3.181747318675235,6
2564,83260,9,3.528463210435388,11
2565,81052,1,3.1614048811733526,7
2566,65780,7,3.7077753707371155,8
2567,71004,6,3.3619886757222153,9
2568,77739,8,3.634359263652334,4
2569,46561,5,2.976731326757199,11
2570,62064,1,3.085541782996897,9
2571,81913,1,2.817429661571599,7
2572,51185,9,3.144734960336896,5
2573,74403,10,2.21323787815093,7
2574,49651,6,3.3464498971560865,7
2575,76996,10,3.2328798640185368,6
2576,69465,5,3.5754554818125346,14
2577,45773,1,3.5223038622171448,3
2578,87471,6,4.128539884240535,9
2579,58981,6,4.797155092387055,8
2580,57846,3,4.068769506575317,8
2581,73008,8,3.2734462053124562,8
2582,87229,1,3.253304625145055,9
2583,54762,1,3.9343315211778576,9
2584,70925,6,2.658327652713584,5
2585,76432,10,3.3423985369182607,8
2586,80396,1,3.380923532478071,6
2587,72646,6,3.792065742409406,15
2588,64494,1,3.8069331730703904,11
2589,57586,6,3.1277197298034856,8
2590,71292,3,3.292813669147408,9
2591,53917,8,3.7225521274163533,4
2592,26179,6,3.1005396720406178,14
2593,76548,1,4.103059217387141,5
2594,83559,5,3.8045876167201205,7
2595,34556,8,3.585754774097422,8
2596,54854,3,3.6954702991404598,8
2597,79287,6,3.2665546915296,8
2598,100862,5,3.186854288906191,11
2599,70311,6,3.2876388919306394,8
2600,59079,10,3.7499833461299246,6
2601,67256,1,3.600507490354327,8
2602,90623,7,3.288642770153645,3
2603,60310,9,3.8747908716538277,8
2604,58012,2,3.4130267888319232,7
2605,62758,10,3.153344627205416,8
2606,55700,5,3.6271707546492604,2
2607,71840,10,2.993485244188581,7
2608,94370,4,2.6563881250321493,6
2609,74846,6,3.497447712217368,4
2610,66214,6,3.171293103144558,7
2611,65622,2,3.3729228236650752,9
2612,46552,2,3.016633540927775,9
2613,83246,4,4.104466069851285,11
2614,68832,1,3.1692536280359307,11
2615,67292,9,3.284000310914595,6
2616,117896,7,3.688941633791617,6
2617,74481,7,2.8116928508386585,7
2618,58723,3,2.7747251133756476,8
2619,63604,3,3.6904764178467064,5
2620,87226,1,3.277526184768915,9
2621,71699,3,3.0492524465529223,6
2622,48425,3,3.80168658647366,8
2623,83788,4,3.0940391704460035,7
2624,59977,4,3.3627438502255376,9
2625,98099,3,3.0519347660137437,2
2626,86200,10,3.651718593124912,10
2627,63290,8,4.1660380963583865,6
2628,89215,8,2.5694800353339424,7
2629,71017,1,3.5563288443753227,9
2630,82791,7,3.928294220943175,11
2631,77270,2,3.2892611263471134,2
2632,57304,1,2.934478812852057,9
2633,60346,3,3.7104817635637017,6
2634,85449,4,4.00082675168855,8
2635,64978,6,3.9452610888227344,3
2636,63945,10,3.6829546689574135,9
2637,55673,5,3.548956868804321,6
2638,76353,4,3.0504937223078494,2
2639,100937,8,3.932622475171971,4
2640,53987,4,3.904978406676254,6
2641,70363,10,2.9309708406723667,7
2642,91183,2,3.6822398639232454,12
2643,68805,3,3.8264119377598926,8
2644,76785,6,3.9410568860377535,10
2645,54064,8,3.4625051904363895,8
2646,76424,8,3.071216212926928,6
2647,67192,9,3.2489419100679773,6
2648,84785,7,1.0,8
2649,87810,2,3.474469667442509,7
2650,108843,8,3.3765573017156547,10
2651,78694,7,4.572518210384354,12
2652,74886,8,3.947338571219066,6
2653,72915,3,3.9847740334445483,8
2654,64702,7,3.7356762454138646,3
2655,75077,10,3.316341176665741,4
2656,65568,9,3.3623050205909633,14
2657,72526,3,3.4080653500916895,5
2658,89763,10,3.594116636350567,7
2659,54901,6,3.694584905111724,5
2660,87098,2,3.500354313840261,6
2661,89756,2,3.3547007613284334,4
2662,68228,5,3.2029421847560076,7
2663,38172,5,2.8036756211083733,8
2664,60882,35,4.141689582523326,9
2665,89454,2,4.602764784132707,9
2666,69656,7,4.099668390464125,9
2667,55010,5,2.870467187034627,10
2668,62428,6,3.893508284820446,7
2669,82609,8,4.0118881508104085,7
2670,78201,10,3.298281150689321,8
2671,66416,4,3.7444636198195145,9
2672,64497,7,3.2718484837386903,6
2673,64123,6,4.26446449740687,7
2674,56163,10,3.682685461107657,8
2675,94230,2,3.041422254314476,6
2676,65165,8,3.834904049004669,5
2677,88257,10,4.029390336745124,5
2678,92819,9,3.599065825567938,6
2679,84974,5,3.7397208458716342,6
2680,63525,10,3.465123285385601,11
2681,76055,4,2.932859773426883,8
2682,69637,6,3.424133120789746,8
2683,56444,8,3.761519816481779,3
2684,74865,3,3.4359865660083813,11
2685,52314,10,3.9003827133697957,5
2686,87815,1,3.303909219401208,12
2687,63030,4,3.3367045862745863,50
2688,73017,4,3.9155599989969523,5
2689,74249,1,3.6109262584015225,3
2690,66116,9,3.294139209422204,10
2691,78800,3,4.016902688004312,3
2692,62876,5,3.155632141024736,6
2693,83069,6,3.1365255204913254,11
2694,49810,8,2.085275594467963,3
2695,71895,6,3.223015725711276,5
2696,99083,3,4.154358339461141,7
2697,54995,6,2.4638536569137806,7
2698,59833,1,3.024039929885391,7
2699,77708,4,3.719534277945085,5
2700,72693,6,2.377566613053636,10
2701,75259,7,3.244650693245118,8
2702,77337,10,4.070431607805373,4
2703,79520,3,4.5215129009244945,10
2704,86645,9,3.645123282833516,8
2705,76147,7,3.0367664908794416,8
2706,20000,1,3.019935630675859,10
2707,80088,2,3.572453984665452,6
2708,98498,1,3.6404816605825494,11
2709,68010,9,4.428964380029124,7
2710,55382,9,3.9854024262686014,8
2711,86606,7,3.5420532439442454,4
2712,68194,10,3.332396373370291,8
2713,37409,3,5.0,10
2714,82711,5,3.8132973999979476,8
2715,61970,4,3.1656241432112275,7
2716,68642,7,3.3876885382042614,9
2717,74979,9,3.06127262999845,4
2718,72857,2,2.297725237074805,8
2719,80641,8,3.6563254956036615,10
2720,63467,9,4.391227108278657,4
2721,77696,10,2.684721398876348,9
2722,66106,10,3.527631297939509,10
2723,81082,9,3.1465476104312016,11
2724,79230,10,3.760751262784926,1
2725,55968,7,3.413834921637717,9
2726,86289,9,2.8199726727911996,6
2727,61960,9,3.009448143025132,10
2728,82120,3,3.0848497340078964,5
2729,75509,4,4.172159103993604,6
2730,97572,2,4.146629638465075,50
2731,66648,10,3.344326056443651,8
2732,64760,3,4.113901716725673,8
2733,69708,5,3.413408080301913,6
2734,65452,5,3.3366686207749066,7
2735,81999,6,3.5285589202755876,8
2736,45755,7,3.6424126393118184,12
2737,54194,7,3.222277603567499,6
2738,53982,1,3.510932871091111,4
2739,84254,2,3.8936612528232617,5
2740,95659,9,3.5647698196030233,8
2741,68433,10,3.52139145106216,4
2742,67467,2,3.7470901071403975,9
2743,71050,6,3.8333530304293046,7
2744,87428,1,3.468692090693539,7
2745,56089,3,3.2629094714609255,8
2746,73575,2,3.5946016517371175,9
2747,84627,3,2.7030181350883504,8
2748,77516,5,3.3948390022480726,9
2749,72843,10,2.26422004584287,13
2750,85015,6,2.6621041082817496,3
2751,29451,9,2.5869070752916445,4
2752,80168,10,4.0236758712265255,8
2753,60188,4,3.5069909079846626,7
2754,42540,7,2.8689754883918326,7
2755,77668,6,3.7455330217226783,5
2756,90604,2,3.994327239683259,7
2757,67938,10,3.754242778073687,14
2758,300000,8,3.405644935753707,11
2759,94184,7,3.6162433092096835,8
2760,89723,7,3.9507482665713662,8
2761,94599,8,3.265377081168672,5
2762,81131,1,3.514933461628913,50
2763,71131,1,3.3714034776967843,10
2764,45970,8,2.6932920736737573,8
2765,66309,4,3.958284090322151,4
2766,57351,5,4.528635932497005,8
2767,102564,8,3.063102689379405,6
2768,67361,5,3.9813401174431498,11
2769,71848,10,3.0790031101191997,9
2770,78272,4,3.5663939075385325,6
2771,70654,6,4.254006136894889,8
2772,95425,5,3.2397805073039443,11
2773,60660,7,3.492656792804063,10
2774,72919,10,2.5992485017459614,8
2775,58862,7,3.1678978280268844,9
2776,50199,4,2.546863838999647,3
2777,60823,5,3.714589059937499,10
2778,69444,3,3.9158187794757886,9
2779,63560,4,3.389182556714598,6
2780,59613,4,3.6429434836283963,10
2781,48905,3,3.3371347723747764,10
2782,68753,10,3.8702726829372183,3
2783,47429,5,3.5647309675625993,5
2784,81400,5,2.50716832209822,3
2785,71236,7,3.96999040904641,10
2786,48136,4,3.3052286027084232,15
2787,65361,4,2.864810264395798,10
2788,58717,9,3.2805330138279984,8
2789,74787,6,2.54896517572678,7
2790,90106,4,2.8750553443804785,9
2791,41872,2,3.5714748050576945,4
2792,71725,6,3.6133558431702832,5
2793,67598,2,3.653219417127584,8
2794,80070,5,3.5016049338817488,9
2795,73197,6,3.153567438263994,6
2796,58720,4,3.4727704302697173,10
2797,65214,3,3.281396276526057,10
2798,58059,7,2.687109200962408,7
2799,86140,2,3.113792504494706,2
2800,70319,6,3.9447706155845124,3
2801,98517,4,4.294147076027472,7
2802,69090,6,3.825637522059344,9
2803,59373,4,4.271848880496207,5
2804,47294,4,3.5426943050674793,5
2805,42952,4,4.371188042351269,4
2806,46237,9,4.52724422016429,1
2807,74006,7,2.633265250981906,6
2808,77630,3,3.6107466535664163,9
2809,46282,3,3.543215094543771,7
2810,83425,0,3.2879480922079507,6
2811,62754,6,3.7459577690756936,12
2812,72201,4,3.5205625343209386,3
2813,94183,9,3.1322755398039783,8
2814,83452,4,3.486697447481509,6
2815,65972,9,4.102297289684195,4
2816,56632,4,3.5912690484413377,3
2817,37722,2,3.813477374128066,10
2818,59212,2,3.3614734498604544,5
2819,66833,5,3.7260320050758073,5
2820,55192,4,2.89539273475841,12
2821,68031,7,3.2501397502901037,6
2822,71152,5,3.448665695717036,5
2823,66627,6,2.861832039686731,4
2824,60249,10,3.084891640553864,6
2825,72529,4,3.656555884286946,2
2826,76629,2,3.564915958144016,5
2827,53644,10,3.9031827123288543,7
2828,91163,9,3.199744490907418,8
2829,68521,10,3.5288011130026207,8
2830,70282,7,3.164066294558086,7
2831,80623,4,3.8530642745546633,7
2832,73498,3,4.0953730580126235,6
2833,84297,10,3.7416624136264014,12
2834,74306,3,4.030597138138291,11
2835,60813,9,3.516249931443931,5
2836,75422,5,3.902796917497588,11
2837,52844,3,3.53770887130623,7
2838,71628,5,2.987535966707116,9
2839,69501,2,3.6233606943493033,4
2840,66878,4,3.0023516531047454,8
2841,68071,10,4.669564475784455,4
2842,41772,2,3.3329559206123327,7
2843,61769,2,3.8225189277244986,6
2844,71392,8,5.0,11
2845,72397,1,2.883193287982047,3
2846,54584,7,2.5507384849677144,8
2847,88985,5,3.8745069775370657,10
2848,57007,8,4.2746704633855295,6
2849,84541,1,3.132598146394821,9
2850,76407,7,2.6716537402202047,10
2851,60306,5,3.337418633789188,4
2852,96629,4,3.0314414773806333,6
2853,52095,7,3.1748421600689536,7
2854,83787,10,3.8051868498626424,8
2855,85008,2,3.474768476298581,7
2856,59940,1,3.0852462205589912,8
2857,90886,1,3.7942503931305973,5
2858,66249,1,3.8334361725378954,4
2859,74330,5,3.331471256977687,5
2860,73904,10,3.56895826045903,6
2861,67985,0,3.7602509415384873,6
2862,82162,2,3.7130515654916985,11
2863,81902,10,3.5203070434827666,6
2864,43772,8,4.216293059112648,5
2865,89565,4,3.791340406507593,4
2866,45062,3,3.2746604917511335,8
2867,85488,10,3.2776654661505478,3
2868,86900,8,3.220956824931663,6
2869,53635,2,3.8160604736139057,10
2870,63837,3,3.1886262199990467,10
2871,53414,3,3.2875504553985966,2
2872,66776,10,4.029011194057906,6
2873,65379,1,3.5958159810336947,9
2874,81694,6,4.099266313560594,3
2875,89654,2,3.899029936676171,7
2876,90935,1,2.9116640854649685,7
2877,61567,2,3.4489334708796493,4
2878,66861,6,3.994974519984271,7
2879,44748,4,2.8889119674244936,8
2880,57911,6,3.709855410179338,5
2881,84472,9,3.480381763150628,8
2882,94233,35,2.6226056289388064,7
2883,51484,10,3.5598296522594666,12
2884,61113,8,3.081265991936734,8
2885,69603,1,2.916174108941787,11
2886,74202,8,3.5045703379113164,5
2887,57855,9,2.5345735303734966,7
2888,76360,6,3.1628548537075587,5
2889,62892,10,4.775587126251324,3
2890,69783,5,3.8251111967034714,11
2891,78194,6,3.059287546916323,7
2892,70096,6,4.202082970050198,8
2893,63454,9,3.003978219611433,8
2894,68355,4,3.2231524234322637,8
2895,68674,2,2.925574295035356,1
2896,64449,9,3.6280399393330103,2
2897,66118,2,4.184314811048564,4
2898,93979,10,3.000496883720072,4
2899,78413,9,2.4697784812954557,5
2900,65567,2,4.04548333725971,11
2901,80454,8,4.27690025054384,9
2902,64992,9,2.5024597667926334,2
2903,87596,10,3.730027170723222,7
2904,75544,9,3.613252676057644,0
2905,68390,10,3.1062623475561226,5
2906,76715,9,2.8028221666653836,9
2907,46436,2,3.9958751727232777,10
2908,53098,4,3.5895352657285975,2
2909,52091,7,3.6272132287133605,8
2910,72144,2,3.1891153235833993,9
2911,95987,1,3.099045397775021,6
2912,103469,3,2.272513229363027,6
2913,79570,4,3.38598598510756,7
2914,77512,8,4.219413189727112,4
2915,42984,6,3.0548727899756734,14
2916,61859,2,2.73879265286663,14
2917,58183,9,3.717832283228501,5
2918,60687,2,3.810039999223168,11
2919,67477,5,3.207047019659412,7
2920,62918,4,3.3256177676501792,11
2921,40310,7,3.631951558609379,10
2922,81218,8,3.4222252656853365,6
2923,53908,5,4.000064667876991,12
2924,73588,10,4.71862128796211,4
2925,101111,5,2.645418222404772,9
2926,56209,2,4.11487756527899,9
2927,32045,8,3.552629850511667,3
2928,65709,2,4.194100469427081,10
2929,86514,10,3.8621772556328398,11
2930,99375,6,3.5305782299678556,5
2931,51556,8,3.880011471220517,4
2932,300000,6,3.3029221144076013,13
2933,63020,4,3.1128492889475727,9
2934,68410,4,3.9054315577991745,5
2935,109665,6,3.077835775605248,9
2936,47455,4,3.821186295820784,12
2937,73806,8,3.5153737915437495,6
2938,77015,9,2.3352791744387122,5
2939,86286,1,3.21280877476853,7
2940,71469,4,3.667419097512311,9
2941,74620,4,3.296999668045754,5
2942,64125,2,2.226633944118907,4
2943,74036,6,4.16037506391308,7
2944,64852,3,3.5846875256358057,7
2945,79323,7,3.7218696456349027,8
2946,64455,5,3.263361923910878,6
2947,75656,4,3.7657448440733288,10
2948,69561,5,4.417410072293351,5
2949,86890,8,3.132463508186321,5
2950,69229,3,4.333506352678535,5
2951,43404,7,3.6992820329460034,12
2952,88928,6,3.0652836259815683,13
2953,56414,1,4.606195318795504,5
2954,60193,7,3.6958201199444662,10
2955,61065,7,3.8382393343865204,9
2956,90616,1,3.3653239476366212,9
2957,37964,9,3.1018366773352413,4
2958,117066,6,3.583906622337895,12
2959,85840,2,4.290731861741664,8
2960,73348,5,3.3451700939071554,7
2961,69176,4,3.486624377212931,7
2962,74283,7,4.228164235989793,10
2963,77816,8,3.3498365770978795,7
2964,79678,1,3.7551381555845604,3
2965,78334,5,3.9386752533698486,6
2966,71343,3,3.4016095255615086,4
2967,67039,1,3.6549187965999614,6
2968,67730,3,3.8305513888405867,7
2969,67076,6,3.2995424032279366,4
2970,87006,7,3.9078825824949965,6
2971,78903,8,3.2265069582722807,8
2972,25894,4,3.1624562105197547,8
2973,79838,3,2.7364794695897716,14
2974,72921,5,3.2482688280494707,12
2975,69719,9,3.0922486490648895,6
2976,64172,6,3.2995630218725127,15
2977,86861,9,3.8059963159572443,8
2978,84212,6,2.6371628733124486,10
2979,58406,2,2.512664552706446,8
2980,76105,5,3.1254603916743586,8
2981,55425,9,3.7306152467933287,11
2982,49305,8,3.644432473509843,7
2983,60599,7,3.117468833544537,7
2984,82935,1,4.084704116078231,6
2985,84296,4,3.1707950324408296,7
2986,77696,7,3.7312269930635633,10
2987,80876,7,3.318606836232914,9
2988,77742,6,3.065611824503172,9
2989,60377,8,3.19746660594263,8
2990,76478,6,3.867000192406779,4
2991,82006,10,3.6805125725713776,9
2992,81314,3,3.9840513318882715,5
2993,87833,4,3.680493041268541,5
2994,80624,3,2.6944152684128904,5
2995,75271,35,4.557207417154396,7
2996,86052,10,3.6875845070292343,9
2997,69602,5,3.7573357771941147,9
2998,56771,1,3.31158116025172,12
2999,67553,1,4.056589146650354,10
3000,58826,2,2.953446219699939,6
